{"cameraMode":{"drawMode":0,"name":"Shaded","section":"Shading Mode"},"sceneLighting":false,"audioPlay":false,"sceneViewState":{"showFog":true,"showMaterialUpdate":false,"showSkybox":false,"showFlares":true,"showImageEffects":true,"showParticleSystems":true,"showVisualEffectGraphs":true,"m_FxEnabled":true},"in2DMode":false,"pivot":{"x":-0.1122903823852539,"y":0.01973631978034973,"z":0.03429156541824341},"rotation":{"x":0.01970997080206871,"y":0.5512821674346924,"z":0.012598655186593533,"w":-0.8341237306594849},"size":0.6087037920951843,"orthographic":true}