{"cameraMode":{"drawMode":0,"name":"Shaded","section":"Shading Mode"},"sceneLighting":false,"audioPlay":false,"sceneViewState":{"showFog":true,"showMaterialUpdate":false,"showSkybox":false,"showFlares":true,"showImageEffects":true,"showParticleSystems":true,"showVisualEffectGraphs":true,"m_FxEnabled":true},"in2DMode":false,"pivot":{"x":-0.024425506591796876,"y":0.00001239776611328125,"z":0.000043392181396484375},"rotation":{"x":0.19765500724315644,"y":0.10456331074237824,"z":-0.0212966687977314,"w":0.9745548963546753},"size":10.756916999816895,"orthographic":true}