{"cameraMode":{"drawMode":0,"name":"Shaded","section":"Shading Mode"},"sceneLighting":false,"audioPlay":false,"sceneViewState":{"showFog":true,"showMaterialUpdate":false,"showSkybox":false,"showFlares":true,"showImageEffects":true,"showParticleSystems":true,"showVisualEffectGraphs":true,"m_FxEnabled":true},"in2DMode":false,"pivot":{"x":0.015451455488801003,"y":-0.46921566128730776,"z":0.3481767177581787},"rotation":{"x":0.009893086738884449,"y":0.9310768246650696,"z":-0.3639252185821533,"w":0.025105414912104608},"size":1.8374316692352296,"orthographic":false}