{"cameraMode":{"drawMode":0,"name":"Shaded","section":"Shading Mode"},"sceneLighting":false,"audioPlay":false,"sceneViewState":{"showFog":true,"showMaterialUpdate":false,"showSkybox":false,"showFlares":true,"showImageEffects":true,"showParticleSystems":true,"showVisualEffectGraphs":true,"m_FxEnabled":true},"in2DMode":false,"pivot":{"x":-0.011603891849517823,"y":0.08723202347755432,"z":0.04897409677505493},"rotation":{"x":0.0512576587498188,"y":-0.8615220189094544,"z":0.08903995156288147,"w":0.49742379784584048},"size":0.5924625396728516,"orthographic":true}