{"cameraMode":{"drawMode":0,"name":"Shaded","section":"Shading Mode"},"sceneLighting":false,"audioPlay":false,"sceneViewState":{"showFog":true,"showMaterialUpdate":false,"showSkybox":false,"showFlares":true,"showImageEffects":true,"showParticleSystems":true,"showVisualEffectGraphs":true,"m_FxEnabled":true},"in2DMode":false,"pivot":{"x":-0.012403249740600586,"y":0.000006198883056640625,"z":-0.000003337860107421875},"rotation":{"x":0.2975521683692932,"y":-0.3699771761894226,"z":0.12627072632312776,"w":0.871119499206543},"size":5.378528594970703,"orthographic":true}