{"cameraMode":{"drawMode":0,"name":"Shaded","section":"Shading Mode"},"sceneLighting":false,"audioPlay":false,"sceneViewState":{"showFog":true,"showMaterialUpdate":false,"showSkybox":false,"showFlares":true,"showImageEffects":true,"showParticleSystems":true,"showVisualEffectGraphs":true,"m_FxEnabled":true},"in2DMode":false,"pivot":{"x":0.013832667842507363,"y":-0.0009868890047073365,"z":-0.004868730902671814},"rotation":{"x":0.01970997080206871,"y":0.5512821674346924,"z":0.012598655186593533,"w":-0.8341237306594849},"size":0.13174116611480714,"orthographic":true}