{"cameraMode":{"drawMode":0,"name":"Shaded","section":"Shading Mode"},"sceneLighting":false,"audioPlay":false,"sceneViewState":{"showFog":true,"showMaterialUpdate":false,"showSkybox":false,"showFlares":true,"showImageEffects":true,"showParticleSystems":true,"showVisualEffectGraphs":true,"m_FxEnabled":true},"in2DMode":false,"pivot":{"x":-0.01219630241394043,"y":0.000006198883056640625,"z":-0.000003337860107421875},"rotation":{"x":0.19765500724315644,"y":0.10456331074237824,"z":-0.0212966687977314,"w":0.9745548963546753},"size":5.378458499908447,"orthographic":true}