{"cameraMode":{"drawMode":0,"name":"Shaded","section":"Shading Mode"},"sceneLighting":false,"audioPlay":false,"sceneViewState":{"showFog":true,"showMaterialUpdate":false,"showSkybox":false,"showFlares":true,"showImageEffects":true,"showParticleSystems":true,"showVisualEffectGraphs":true,"m_FxEnabled":true},"in2DMode":false,"pivot":{"x":-0.29255884885787966,"y":0.3771789073944092,"z":0.2703857421875},"rotation":{"x":-0.0033707604743540289,"y":-0.9554762840270996,"z":0.010901989415287972,"w":-0.29516127705574038},"size":1.5622068643569947,"orthographic":true}