{"cameraMode":{"drawMode":0,"name":"Shaded","section":"Shading Mode"},"sceneLighting":false,"audioPlay":false,"sceneViewState":{"showFog":true,"showMaterialUpdate":false,"showSkybox":false,"showFlares":true,"showImageEffects":true,"showParticleSystems":true,"showVisualEffectGraphs":true,"m_FxEnabled":true},"in2DMode":false,"pivot":{"x":-0.8481513857841492,"y":10.136645317077637,"z":-0.4574434459209442},"rotation":{"x":-0.49941974878311159,"y":-0.20735450088977815,"z":0.12440602481365204,"w":-0.831983208656311},"size":0.06000018119812012,"orthographic":false}