{"cameraMode":{"drawMode":0,"name":"Shaded","section":"Shading Mode"},"sceneLighting":false,"audioPlay":false,"sceneViewState":{"showFog":true,"showMaterialUpdate":false,"showSkybox":false,"showFlares":true,"showImageEffects":true,"showParticleSystems":true,"showVisualEffectGraphs":true,"m_FxEnabled":true},"in2DMode":false,"pivot":{"x":-0.02572724223136902,"y":0.05629047751426697,"z":0.009994328022003174},"rotation":{"x":0.004324008710682392,"y":-0.5067874789237976,"z":-0.00268807471729815,"w":-0.8621753454208374},"size":0.6182824969291687,"orthographic":true}