{"cameraMode":{"drawMode":0,"name":"Shaded","section":"Shading Mode"},"sceneLighting":false,"audioPlay":false,"sceneViewState":{"showFog":true,"showMaterialUpdate":false,"showSkybox":false,"showFlares":true,"showImageEffects":true,"showParticleSystems":true,"showVisualEffectGraphs":true,"m_FxEnabled":true},"in2DMode":false,"pivot":{"x":-0.005145447328686714,"y":0.011258095502853394,"z":0.0019988641142845155},"rotation":{"x":0.01970997080206871,"y":0.5512821674346924,"z":0.012598655186593533,"w":-0.8341237306594849},"size":0.1236564964056015,"orthographic":true}