{"cameraMode":{"drawMode":0,"name":"Shaded","section":"Shading Mode"},"sceneLighting":false,"audioPlay":false,"sceneViewState":{"showFog":true,"showMaterialUpdate":false,"showSkybox":false,"showFlares":true,"showImageEffects":true,"showParticleSystems":true,"showVisualEffectGraphs":true,"m_FxEnabled":true},"in2DMode":false,"pivot":{"x":0.06916335225105286,"y":-0.004934459924697876,"z":-0.024343669414520265},"rotation":{"x":0.0630558505654335,"y":0.7259417772293091,"z":0.06694934517145157,"w":-0.6817306280136108},"size":0.6587058305740356,"orthographic":true}