{"cameraMode":{"drawMode":0,"name":"Shaded","section":"Shading Mode"},"sceneLighting":true,"audioPlay":false,"sceneViewState":{"showFog":true,"showMaterialUpdate":false,"showSkybox":true,"showFlares":true,"showImageEffects":true,"showParticleSystems":true,"showVisualEffectGraphs":true,"m_FxEnabled":true},"in2DMode":false,"pivot":{"x":-5.783330917358398,"y":-12.014164924621582,"z":2.0107645988464357},"rotation":{"x":0.5136189460754395,"y":0.0012870257487520576,"z":-0.0007704298477619886,"w":0.858016848564148},"size":42.005306243896487,"orthographic":false}